Age,BusinessTravel,Department,DistanceFromHome,Education,EducationField,EmployeeCount,EmployeeNumber,EnvironmentSatisfaction,Gender,JobInvolvement,JobLevel,JobRole,JobSatisfaction,MaritalStatus,MonthlyIncome,NumCompaniesWorked,HiringDate,Over18,OverTime,PercentSalaryHike,PerformanceRating,RelationshipSatisfaction,StandardHours,TotalWorkingYears,TrainingTimesLastYear,WorkLifeBalance,YearsInCurrentRole,YearsSinceLastPromotion,Attrition
50,Travel_Rarely,Research & Development,1 km,2,Medical,1,997,4,Male,3,4,Research Director,4,Divorced,17399,9,06/06/2013,Y,No,22,4,3,80,32,1,2,4,1,No
36,Travel_Rarely,Research & Development,6 km,2,Medical,1,178,2,Male,3,2,Manufacturing Director,2,Divorced,4941,6,12/25/2015,Y,No,20,4,4,80,7,0,3,2,0,No
21,Travel_Rarely,Sales,7 km,1,Marketing,1,1780,2,Male,3,1,Sales Representative,2,Single,2679,1,2/14/2017,Y,No,13,3,2,80,1,3,3,0,1,Yes
52,Travel_Rarely,Research & Development,7 km,4,Life Sciences,1,1118,2,Male,3,3,Healthcare Representative,2,Single,10445,7,7/29/2010,Y,No,19,3,4,80,18,4,3,6,4,No
33,Travel_Rarely,Research & Development,15 km,1,Medical,1,582,2,Male,3,3,Manager,3,Married,13610,7,10/07/2011,Y,Yes,12,3,4,80,15,2,4,6,7,Yes
47,Travel_Rarely,Research & Development,4 km,3,Life Sciences,1,1827,3,Female,2,3,Manufacturing Director,2,Divorced,10333,8,10/17/1996,Y,Yes,12,3,3,80,28,4,3,11,14,No
22,Travel_Rarely,Research & Development,1 km,2,Life Sciences,1,872,4,Male,2,2,Manufacturing Director,4,Married,4775,6,1/16/2016,Y,No,22,4,1,80,4,2,1,2,2,No
33,Non-Travel,Sales,16 km,3,Life Sciences,1,1681,3,Female,3,2,Sales Executive,4,Divorced,5368,1,11/28/2012,Y,Yes,25,4,3,80,7,2,3,5,1,No
40,Travel_Rarely,Sales,4 km,4,Marketing,1,215,3,Male,2,3,Sales Executive,4,,10855,7,8/25/2006,Y,No,11,3,1,80,15,2,2,11,2,No
27,Travel_Frequently,Sales,2 km,1,Life Sciences,1,1371,4,Male,1,2,Sales Executive,4,Single,5071,3,1/21/2012,Y,No,20,4,2,80,8,3,3,2,0,No
40,Travel_Rarely,Research & Development,1 km,4,Life Sciences,1,2012,1,Male,3,1,Laboratory Technician,4,Married,2406,8,1/17/2017,Y,No,19,3,3,80,8,3,2,0,0,No
55,Travel_Frequently,Research & Development,2 km,1,Life Sciences,1,1096,4,Male,3,3,Manufacturing Director,2,Married,10976,3,7/24/2015,Y,No,18,3,2,80,23,4,3,2,1,No
33,Travel_Rarely,Research & Development,25 km,3,Medical,1,1108,1,Male,2,1,Research Scientist,2,Single,2313,4,3/28/2016,Y,Yes,20,4,2,80,5,0,3,2,2,Yes
37,Travel_Rarely,Sales,1 km,4,Life Sciences,1,970,1,Male,2,3,Sales Executive,3,Married,10609,5,5/14/2004,Y,No,11,3,3,80,17,2,1,1,11,Yes
46,Travel_Rarely,Sales,4 km,2,Marketing,1,1280,4,Female,2,5,Manager,2,Married,18789,2,5/14/2007,Y,No,14,3,3,80,26,2,3,4,0,No
38,Travel_Rarely,Sales,14 km,3,Life Sciences,1,1582,3,Male,3,2,Sales Executive,2,Married,9924,0,12/04/2009,Y,No,11,3,4,80,10,3,3,8,7,No
30,Travel_Rarely,Research & Development,6 km,3,Technical Degree,1,1311,1,Female,2,2,Laboratory Technician,4,Married,4627,0,08/07/2009,Y,No,12,3,1,80,10,6,3,2,6,No
36,Non-Travel,Sales,15 km,4,Marketing,1,2036,4,Male,1,2,Sales Executive,4,Divorced,5406,1,4/20/2003,Y,No,24,4,1,80,15,4,2,12,11,No
40,Travel_Rarely,Sales,7 km,4,Medical,1,1740,2,Male,3,5,Manager,2,Single,19833,1,10/28/1997,Y,No,14,3,2,80,21,3,2,8,12,No
53,Travel_Rarely,Sales,2 km,2,Medical,1,981,3,Male,3,4,Manager,3,Divorced,14852,6,07/08/2001,Y,No,13,3,3,80,22,3,4,13,15,No
32,Travel_Rarely,Research & Development,2 km,3,Medical,1,1671,4,Male,3,2,Research Scientist,2,Divorced,5470,0,10/02/2009,Y,No,13,3,3,80,10,4,2,5,1,No
55,Travel_Rarely,Research & Development,4 km,4,Life Sciences,1,1501,4,Male,3,2,Healthcare Representative,3,Married,4035,0,1/25/2015,Y,Yes,16,3,2,80,4,2,3,2,1,No
30,Travel_Rarely,Research & Development,2 km,3,Life Sciences,1,548,3,Female,1,2,Manufacturing Director,4,Single,6091,2,3/18/2013,Y,No,20,4,3,80,11,2,3,4,0,No
23,Travel_Rarely,Research & Development,6 km,3,Life Sciences,1,811,3,Male,4,1,Laboratory Technician,1,Married,1601,1,11/27/2018,Y,Yes,21,4,3,80,1,2,3,0,0,Yes
51,Travel_Rarely,Research & Development,7 km,4,Medical,1,211,2,Male,2,2,Manufacturing Director,3,Married,6132,2,04/01/2017,Y,No,17,3,3,80,10,2,3,0,0,No
42,Travel_Rarely,Research & Development,1 km,2,Life Sciences,1,827,4,Female,2,2,Manufacturing Director,4,Married,6062,9,11/02/2014,Y,Yes,13,3,4,80,8,4,3,3,0,No
20,Travel_Rarely,Research & Development,10 km,1,Medical,1,701,4,Male,3,1,Research Scientist,3,Single,1009,1,9/19/2017,Y,Yes,11,3,4,80,1,5,3,0,1,Yes
29,Travel_Rarely,Research & Development,15 km,1,Life Sciences,1,1202,2,Female,1,1,Research Scientist,4,Married,2168,0,12/23/2013,Y,Yes,18,3,1,80,6,2,2,4,1,No
43,Travel_Rarely,Research & Development,12 km,3,Life Sciences,1,520,1,Male,2,4,Research Director,2,Divorced,14336,1,02/03/1993,Y,No,11,3,3,80,25,3,3,10,3,No
40,Travel_Frequently,Research & Development,26 km,2,Medical,1,1180,3,Female,2,2,Research Scientist,4,Married,4422,3,10/17/2017,Y,Yes,13,3,4,80,16,3,1,1,0,No
29,Travel_Rarely,Research & Development,6 km,1,Medical,1,1192,2,Female,3,1,Laboratory Technician,4,Married,3131,1,06/09/2008,Y,No,13,3,1,80,10,5,3,8,0,No
44,Travel_Frequently,Research & Development,1 km,2,Medical,1,1792,3,Male,3,1,Research Scientist,2,Divorced,2342,1,7/24/2013,Y,Yes,12,3,3,80,6,2,2,3,2,Yes
47,Travel_Rarely,Research & Development,2 km,4,Medical,1,1443,1,Female,3,4,Research Director,3,Married,17169,3,10/04/1998,Y,No,19,3,2,80,26,2,4,17,5,No
32,Travel_Frequently,Research & Development,24 km,4,Life Sciences,1,772,1,Male,3,2,Laboratory Technician,4,Married,5309,1,5/25/2008,Y,No,15,3,4,80,10,2,3,8,4,No
38,Travel_Rarely,Research & Development,1 km,1,Life Sciences,1,662,3,Female,3,1,Research Scientist,1,Single,2619,3,5/19/2018,Y,No,17,3,4,80,8,3,2,0,0,No
58,Non-Travel,Research & Development,1 km,4,Life Sciences,1,422,4,Male,1,2,Healthcare Representative,3,Divorced,5660,2,2/28/2013,Y,Yes,13,3,4,80,12,2,3,3,1,No
45,Travel_Rarely,Research & Development,29 km,3,Technical Degree,1,1465,2,Male,3,3,Manufacturing Director,4,Married,9380,4,12/12/2015,Y,Yes,18,3,4,80,10,4,4,1,1,No
56,Travel_Rarely,Research & Development,9 km,3,Medical,1,762,3,Male,3,4,Healthcare Representative,4,Married,11103,7,12/06/2008,Y,No,11,3,3,80,30,1,2,7,1,No
37,Travel_Frequently,Sales,1 km,4,Medical,1,1700,3,Male,1,2,Sales Executive,4,Divorced,9525,1,11/08/2012,Y,No,14,3,3,80,6,2,2,3,1,No
39,Travel_Rarely,Sales,2 km,5,Life Sciences,1,985,1,Male,4,3,Sales Executive,3,Single,7880,0,6/16/2010,Y,No,18,3,4,80,9,3,3,7,0,No
54,Travel_Rarely,Sales,2 km,4,Life Sciences,1,1070,3,Female,2,3,Sales Executive,3,Married,10686,6,06/07/2009,Y,No,11,3,2,80,13,4,3,4,7,No
32,Non-Travel,Research & Development,29 km,4,Medical,1,1046,4,Female,3,1,Laboratory Technician,3,Single,4025,9,6/21/2010,Y,No,12,3,2,80,10,2,3,7,7,No
48,Travel_Rarely,Sales,29 km,1,Medical,1,473,1,Female,3,3,Manager,3,Married,12504,3,3/27/2018,Y,No,21,4,2,80,15,3,1,0,0,No
33,Travel_Frequently,Research & Development,1 km,4,Other,1,998,3,Female,4,2,Healthcare Representative,2,Married,5488,1,6/23/2012,Y,Yes,13,3,1,80,6,2,3,5,1,No
31,Travel_Rarely,Sales,6 km,4,Life Sciences,1,163,2,Male,1,2,Sales Executive,3,Married,6172,4,12/08/2011,Y,Yes,18,3,2,80,12,3,2,7,7,Yes
46,Travel_Rarely,Sales,1 km,2,Marketing,1,244,2,Female,3,3,Sales Executive,1,Divorced,10453,1,1/24/1994,Y,No,25,4,3,80,24,2,3,13,15,No
38,Travel_Rarely,Research & Development,23 km,4,Life Sciences,1,393,4,Male,3,2,Healthcare Representative,4,Divorced,5745,9,03/12/2016,Y,No,14,3,2,80,10,2,3,2,1,No
38,Travel_Rarely,Sales,1 km,4,Life Sciences,1,1995,4,Male,3,2,Sales Executive,2,Married,4440,0,2/22/2003,Y,No,15,3,1,80,16,3,3,13,5,No
43,Travel_Rarely,Sales,2 km,3,Medical,1,1706,4,Male,3,2,Sales Executive,4,Married,7847,1,09/04/2008,Y,Yes,17,3,1,80,10,3,3,9,8,No
37,Travel_Frequently,Research & Development,9 km,3,Medical,1,403,2,Male,3,1,Research Scientist,4,Married,2326,1,07/06/2014,Y,Yes,12,3,3,80,4,3,2,2,1,No
30,Travel_Rarely,Research & Development,2 km,3,Life Sciences,1,117,3,Male,2,2,Healthcare Representative,4,Married,4152,1,10/03/2007,Y,No,19,3,1,80,11,3,3,10,10,No
39,Travel_Rarely,Research & Development,13 km,4,Medical,1,1307,3,Female,2,4,Manager,2,Divorced,17123,6,2/24/1999,Y,Yes,13,3,4,80,21,4,3,9,15,No
43,Travel_Rarely,Research & Development,6 km,3,Medical,1,1866,1,Female,2,5,Manager,3,Married,19392,7,6/16/2002,Y,No,13,3,4,80,21,2,3,12,6,No
27,Travel_Rarely,Research & Development,7 km,3,Medical,1,764,4,Female,2,2,Healthcare Representative,1,Single,6811,8,11/20/2011,Y,No,19,3,1,80,9,2,1,6,0,No
42,Travel_Rarely,Sales,14 km,2,Medical,1,936,3,Female,2,2,Sales Executive,3,Single,6244,7,02/03/2013,Y,No,17,3,1,80,10,6,3,4,0,No
31,Travel_Rarely,Research & Development,4 km,3,Medical,1,1916,1,Female,4,1,Laboratory Technician,3,Divorced,3978,8,01/11/2016,Y,No,12,3,2,80,4,0,2,2,2,No
39,Travel_Rarely,Research & Development,6 km,3,Medical,1,932,4,Male,3,1,Laboratory Technician,1,Married,2404,7,1/17/2016,Y,Yes,21,4,4,80,8,2,1,2,2,Yes
29,Travel_Rarely,Research & Development,1 km,3,Life Sciences,1,1264,4,Female,2,4,Research Director,4,Divorced,16124,3,3/27/2011,Y,No,14,3,2,80,9,2,2,7,1,No
49,Travel_Frequently,Research & Development,10 km,4,Life Sciences,1,396,3,Female,3,5,Research Director,1,Single,18665,9,8/18/2015,Y,Yes,11,3,4,80,22,4,3,2,1,No
38,Travel_Rarely,Sales,1 km,3,Life Sciences,1,1961,1,Male,2,1,Sales Representative,1,Single,2858,4,5/15/2017,Y,No,14,3,1,80,20,3,2,0,0,No
42,Travel_Rarely,Research & Development,23 km,5,Life Sciences,1,468,1,Female,3,4,Research Director,4,Single,15992,2,2/16/2017,Y,No,14,3,2,80,16,2,3,0,0,No
34,Travel_Rarely,Sales,13 km,4,Medical,1,1951,4,Male,3,3,Sales Executive,3,Divorced,8628,1,8/19/2010,Y,No,18,3,3,80,9,2,2,7,1,No
36,Travel_Rarely,Research & Development,14 km,1,Life Sciences,1,924,3,Male,3,2,Healthcare Representative,4,Married,6586,0,07/02/2002,Y,Yes,17,3,1,80,17,2,2,8,4,No
27,Travel_Frequently,Sales,8 km,1,Marketing,1,800,3,Male,3,2,Sales Executive,4,Married,4342,0,10/08/2014,Y,No,19,3,2,80,5,3,3,2,1,No
40,Non-Travel,Sales,28 km,3,Other,1,615,3,Male,1,3,Sales Executive,1,Divorced,10932,3,12/12/2017,Y,No,15,3,3,80,20,2,3,0,0,No
34,Travel_Rarely,Sales,1 km,3,Technical Degree,1,1535,4,Male,2,3,Sales Executive,3,Married,7083,1,3/28/2008,Y,Yes,14,3,4,80,10,3,3,9,8,No
43,Travel_Rarely,Research & Development,7 km,3,Life Sciences,1,451,3,Female,3,3,Healthcare Representative,1,,9985,8,08/11/2017,Y,No,16,3,1,80,10,1,2,0,0,No
31,Travel_Rarely,Sales,8 km,2,Life Sciences,1,1453,1,Male,3,3,Sales Executive,4,Divorced,10793,1,05/09/2005,Y,No,18,3,1,80,13,5,3,7,9,No
41,Travel_Rarely,Research & Development,1 km,3,Life Sciences,1,1999,4,Male,3,1,Research Scientist,4,Married,2782,3,03/07/2013,Y,No,22,4,1,80,12,3,3,3,1,No
31,Travel_Frequently,Research & Development,1 km,3,Life Sciences,1,1956,4,Male,1,2,Research Scientist,1,Married,5003,1,3/13/2008,Y,No,21,4,2,80,10,6,3,8,8,No
45,Travel_Frequently,Research & Development,1 km,4,Medical,1,1922,2,Male,3,2,Healthcare Representative,3,Single,5399,4,5/25/2014,Y,No,12,3,3,80,12,3,3,2,0,No
33,Travel_Frequently,Sales,10 km,3,Marketing,1,446,2,Male,2,2,Sales Executive,4,Single,4682,3,11/11/2011,Y,No,14,3,3,80,9,6,2,7,0,No
36,Travel_Frequently,Research & Development,23 km,2,Medical,1,2061,3,Male,4,2,Laboratory Technician,4,Married,2571,4,7/30/2013,Y,No,17,3,3,80,17,3,3,2,0,No
33,Travel_Rarely,Research & Development,21 km,3,Medical,1,1698,2,Male,4,1,Laboratory Technician,2,Married,2028,1,10/06/2004,Y,No,18,3,4,80,14,6,3,11,2,No
31,Travel_Rarely,Research & Development,26 km,1,Life Sciences,1,16,1,Male,3,1,Research Scientist,3,Divorced,2911,1,3/23/2013,Y,No,17,3,4,80,5,1,2,2,4,No
19,Travel_Frequently,Sales,1 km,1,Technical Degree,1,235,3,Female,1,1,Sales Representative,1,Single,2325,0,3/30/2018,Y,No,21,4,1,80,1,5,4,0,0,Yes
32,Travel_Frequently,Research & Development,7 km,3,Life Sciences,1,359,2,Male,4,1,Laboratory Technician,2,Married,2794,1,10/26/2013,Y,No,20,4,3,80,5,3,1,1,0,No
36,Non-Travel,Research & Development,18 km,4,Life Sciences,1,1133,1,Male,3,2,Manufacturing Director,4,Single,7779,2,07/08/2007,Y,No,20,4,1,80,18,0,3,9,0,No
37,Travel_Rarely,Human Resources,8 km,2,Other,1,1794,3,Male,3,2,Human Resources,2,Divorced,4071,2,8/23/2008,Y,No,13,3,3,80,19,4,2,0,4,No
29,Travel_Rarely,Research & Development,1 km,2,Life Sciences,1,816,2,Female,2,1,Laboratory Technician,1,,2319,1,06/05/2017,Y,Yes,11,3,4,80,1,1,3,0,0,Yes
29,Travel_Rarely,Research & Development,28 km,4,Life Sciences,1,1120,3,Female,3,1,Research Scientist,4,Divorced,2514,4,2/28/2011,Y,No,22,4,1,80,11,1,3,5,1,No
41,Non-Travel,Research & Development,7 km,1,Life Sciences,1,1035,2,Female,1,5,Research Director,3,,19973,1,07/10/1997,Y,No,22,4,2,80,21,3,3,16,5,No
30,Travel_Rarely,Human Resources,9 km,3,Human Resources,1,184,3,Male,3,2,Human Resources,4,Married,6347,0,4/18/2007,Y,Yes,19,3,4,80,12,2,1,9,4,No
39,Travel_Rarely,Research & Development,10 km,1,Medical,1,1800,3,Male,3,3,Research Director,3,Single,13464,7,3/15/2014,Y,No,21,4,3,80,9,3,3,3,2,No
22,Travel_Rarely,Research & Development,8 km,1,Medical,1,1783,3,Female,3,1,Laboratory Technician,1,Married,2398,1,4/17/2017,Y,Yes,17,3,3,80,1,6,3,0,0,Yes
31,Non-Travel,Research & Development,1 km,4,Medical,1,308,3,Male,1,2,Manufacturing Director,3,Married,4345,0,05/01/2013,Y,No,12,3,4,80,6,2,3,4,1,No
45,Travel_Rarely,Sales,11 km,2,Life Sciences,1,1045,4,Female,3,4,Manager,4,Married,17650,3,5/18/2009,Y,No,13,3,2,80,26,4,4,3,1,No
42,Travel_Frequently,Research & Development,29 km,2,Life Sciences,1,547,1,Female,3,2,Research Scientist,3,Divorced,4556,2,6/25/2013,Y,No,11,3,2,80,19,3,3,4,0,No
31,Travel_Frequently,Research & Development,7 km,2,Life Sciences,1,442,3,Female,2,3,Manufacturing Director,3,Married,8943,1,8/13/2008,Y,No,24,4,1,80,10,2,3,9,8,No
51,Travel_Rarely,Research & Development,2 km,3,Medical,1,408,4,Male,1,2,Manufacturing Director,2,Divorced,5482,5,2/27/2014,Y,No,18,3,4,80,13,3,3,1,1,No
34,Travel_Frequently,Research & Development,1 km,3,Medical,1,1184,4,Male,2,2,Healthcare Representative,1,Single,5343,0,06/12/2005,Y,No,20,4,3,80,14,3,3,9,4,No
33,Non-Travel,Sales,17 km,3,Life Sciences,1,992,4,Male,3,4,Manager,3,Single,17444,1,12/10/2008,Y,No,11,3,4,80,10,2,3,8,6,No
40,Travel_Rarely,Sales,2 km,2,Marketing,1,1986,2,Female,3,2,Sales Executive,2,Married,5677,3,11/24/2007,Y,No,14,3,3,80,15,4,3,8,5,No
33,Travel_Rarely,Sales,10 km,5,Marketing,1,1268,4,Male,4,3,Sales Executive,3,Divorced,8380,0,11/15/2009,Y,Yes,14,3,4,80,10,3,3,8,0,No
34,Travel_Rarely,Sales,9 km,1,Life Sciences,1,1163,2,Female,3,2,Sales Executive,3,Married,5714,1,4/23/2012,Y,No,20,4,1,80,6,3,2,5,1,No
34,Travel_Rarely,Research & Development,1 km,5,Life Sciences,1,683,2,Male,3,1,Research Scientist,4,Married,2691,1,12/20/2008,Y,No,12,3,4,80,10,4,2,9,8,No
30,Travel_Rarely,Research & Development,8 km,2,Life Sciences,1,1015,2,Female,4,3,Research Director,1,Married,11416,0,2/27/2010,Y,Yes,12,3,3,80,9,4,2,7,1,No
45,Non-Travel,Research & Development,23 km,2,Life Sciences,1,1002,4,Male,3,2,Laboratory Technician,1,Married,3633,1,6/30/2009,Y,Yes,15,3,3,80,9,2,3,8,0,No
37,Non-Travel,Sales,9 km,4,Medical,1,626,1,Male,3,3,Sales Executive,2,Divorced,8834,1,05/09/2009,Y,No,13,3,4,80,9,6,3,5,7,No
31,Travel_Rarely,Sales,7 km,3,Marketing,1,438,4,Male,3,2,Sales Executive,4,Divorced,7547,4,10/21/2011,Y,No,12,3,4,80,13,3,3,7,1,No
32,Travel_Frequently,Research & Development,2 km,2,Life Sciences,1,8,4,Male,3,1,Laboratory Technician,4,Single,3068,0,9/15/2011,Y,No,13,3,3,80,8,2,2,7,3,No
30,Travel_Rarely,Research & Development,22 km,3,Life Sciences,1,1004,1,Female,3,1,Research Scientist,3,Married,2132,4,11/11/2013,Y,Yes,11,3,2,80,7,2,3,2,0,Yes
33,Travel_Frequently,Sales,1 km,3,Life Sciences,1,52,3,Female,4,2,Sales Executive,1,Married,5376,2,8/20/2013,Y,No,19,3,1,80,10,3,3,3,1,No
38,Travel_Rarely,Research & Development,1 km,3,Life Sciences,1,743,3,Female,3,3,Manufacturing Director,3,Single,7861,4,10/21/2017,Y,Yes,14,3,4,80,10,4,4,0,0,No
41,Travel_Rarely,Research & Development,19 km,2,Life Sciences,1,334,3,Male,3,2,Research Scientist,1,Divorced,3072,2,07/02/2017,Y,No,16,3,1,80,17,2,2,0,0,No
51,Travel_Frequently,Research & Development,8 km,4,Life Sciences,1,179,1,Male,1,3,Manufacturing Director,4,Single,10650,2,4/30/2014,Y,No,15,3,4,80,18,2,3,2,0,Yes
38,Travel_Frequently,Research & Development,12 km,3,Life Sciences,1,837,1,Male,2,2,Healthcare Representative,1,Divorced,6288,2,5/18/2014,Y,No,15,3,3,80,13,3,2,3,1,No
27,Travel_Rarely,Sales,23 km,1,Medical,1,1864,2,Female,2,2,Sales Representative,3,Married,3540,1,07/08/2009,Y,No,21,4,4,80,9,5,3,8,5,No
53,Travel_Rarely,Research & Development,23 km,4,Life Sciences,1,901,4,Female,3,4,Research Director,4,Single,14275,6,8/22/2006,Y,No,18,3,3,80,33,0,3,9,3,No
30,Travel_Rarely,Sales,16 km,1,Life Sciences,1,1479,4,Male,3,2,Sales Executive,3,Married,5301,8,9/15/2016,Y,No,15,3,3,80,4,2,2,1,2,No
30,Travel_Rarely,Sales,9 km,3,Medical,1,1876,2,Male,3,1,Sales Representative,4,Single,1081,1,11/21/2017,Y,No,13,3,3,80,1,3,2,0,0,Yes
30,Travel_Rarely,Research & Development,1 km,3,Life Sciences,1,806,4,Male,1,1,Laboratory Technician,3,Married,3833,3,2/19/2016,Y,No,21,4,3,80,7,2,3,2,0,No
58,Travel_Rarely,Research & Development,1 km,3,Medical,1,1423,4,Female,3,5,Research Director,1,Married,19701,3,07/02/2009,Y,Yes,21,4,3,80,32,3,3,8,1,No
34,Travel_Rarely,Sales,1 km,4,Marketing,1,1047,2,Male,4,2,Sales Executive,4,Divorced,9725,0,12/25/2003,Y,No,11,3,4,80,16,2,2,1,0,No
51,Travel_Rarely,Sales,14 km,2,Life Sciences,1,500,3,Female,3,2,Sales Executive,4,Married,4936,4,08/07/2011,Y,No,11,3,3,80,18,2,2,7,0,No
39,Travel_Rarely,Research & Development,10 km,1,Medical,1,429,3,Male,3,4,Manager,1,Married,17068,1,1/16/1997,Y,Yes,14,3,4,80,21,3,3,9,11,No
36,Non-Travel,Sales,10 km,4,Medical,1,592,2,Male,3,3,Sales Executive,4,Single,9980,1,04/07/2008,Y,No,14,3,4,80,10,3,2,3,9,No
32,Travel_Rarely,Sales,8 km,2,Technical Degree,1,436,3,Female,2,2,Sales Executive,2,Married,5228,1,12/07/2005,Y,Yes,11,3,4,80,13,2,3,12,11,No
56,Travel_Frequently,Research & Development,9 km,3,Medical,1,1071,1,Female,3,1,Research Scientist,3,Married,2942,2,1/17/2013,Y,No,19,3,2,80,18,4,3,4,0,No
57,Travel_Rarely,Research & Development,1 km,2,Life Sciences,1,1483,2,Male,4,2,Research Scientist,3,,4900,0,4/22/2006,Y,No,24,4,1,80,13,2,2,9,2,No
57,Travel_Rarely,Sales,29 km,3,Marketing,1,568,1,Male,2,4,Manager,4,Divorced,14118,3,02/03/2017,Y,No,12,3,3,80,32,3,2,0,0,No
40,Travel_Rarely,Research & Development,2 km,1,Medical,1,763,4,Female,2,1,Research Scientist,4,Single,2342,0,11/05/2014,Y,Yes,20,4,4,80,5,2,2,2,2,No
23,Travel_Frequently,Sales,9 km,3,Marketing,1,2023,4,Male,3,1,Sales Representative,1,Married,1790,1,02/02/2017,Y,No,19,3,1,80,1,3,2,0,1,Yes
53,Travel_Rarely,Research & Development,24 km,4,Medical,1,1689,2,Male,4,3,Healthcare Representative,4,Married,7005,3,2/16/2014,Y,No,15,3,3,80,11,2,3,3,1,No
38,Travel_Frequently,Research & Development,2 km,3,Medical,1,1675,4,Female,2,1,Laboratory Technician,2,Single,2440,1,12/21/2014,Y,No,22,4,2,80,4,3,3,3,3,No
36,Travel_Rarely,Human Resources,13 km,3,Human Resources,1,829,3,Male,3,1,Human Resources,2,Married,2143,4,01/01/2013,Y,No,13,3,2,80,8,2,3,2,0,No
29,Travel_Frequently,Sales,1 km,1,Medical,1,312,2,Female,3,3,Sales Executive,4,Married,7918,1,02/11/2007,Y,No,14,3,4,80,11,5,3,10,4,No
38,Travel_Rarely,Research & Development,10 km,3,Medical,1,2015,2,Female,1,3,Research Director,3,Married,13206,3,4/22/2000,Y,No,12,3,1,80,20,3,3,16,1,No
47,Travel_Rarely,Research & Development,25 km,3,Medical,1,1993,1,Male,3,3,Healthcare Representative,3,Single,8633,2,8/19/2001,Y,No,23,4,2,80,25,3,3,14,12,No
32,Travel_Rarely,Research & Development,7 km,2,Life Sciences,1,1309,4,Male,3,2,Laboratory Technician,3,Married,4883,1,11/12/2008,Y,No,18,3,1,80,10,3,3,4,1,Yes
36,Travel_Frequently,Research & Development,11 km,3,Life Sciences,1,85,2,Male,2,2,Manufacturing Director,2,Single,6499,1,04/02/2012,Y,No,13,3,3,80,6,3,3,5,0,No
49,Travel_Frequently,Research & Development,28 km,2,Life Sciences,1,1420,1,Male,2,2,Laboratory Technician,1,Single,4284,3,06/08/2014,Y,No,20,4,1,80,20,2,3,3,1,Yes
34,Travel_Rarely,Research & Development,2 km,4,Medical,1,804,3,Female,2,1,Research Scientist,1,Single,4381,1,8/20/2012,Y,No,11,3,3,80,6,3,3,5,1,No
39,Travel_Rarely,Research & Development,18 km,2,Life Sciences,1,1322,1,Male,3,2,Manufacturing Director,3,Single,4534,0,9/27/2010,Y,No,11,3,1,80,9,6,3,7,1,No
30,Non-Travel,Research & Development,1 km,1,Life Sciences,1,292,3,Male,2,3,Manufacturing Director,3,Single,8474,1,11/16/2007,Y,No,22,4,3,80,12,2,3,8,5,No
51,Travel_Frequently,Sales,2 km,3,Marketing,1,1391,2,Male,3,3,Sales Executive,2,Married,10596,2,09/11/2014,Y,No,11,3,2,80,14,5,3,2,3,No
60,Travel_Rarely,Sales,16 km,4,Marketing,1,732,1,Male,3,2,Sales Executive,1,Single,5405,8,8/15/2016,Y,No,14,3,4,80,10,1,3,2,2,No
50,Travel_Frequently,Sales,1 km,4,Life Sciences,1,2044,2,Male,3,2,Sales Executive,3,Divorced,6728,7,05/04/2012,Y,No,12,3,4,80,12,3,3,3,0,Yes
45,,Research & Development,28 km,3,Technical Degree,1,1546,4,Male,3,1,Research Scientist,4,Married,2132,4,9/15/2013,Y,No,20,4,4,80,8,3,3,4,0,No
56,Travel_Rarely,Research & Development,7 km,3,Life Sciences,1,112,4,Male,1,3,Manufacturing Director,4,Single,7260,4,06/08/2012,Y,No,11,3,1,80,37,3,2,4,0,No
46,Travel_Rarely,Research & Development,2 km,2,Life Sciences,1,1857,4,Male,3,3,Manufacturing Director,4,Divorced,8578,3,7/13/2009,Y,No,14,3,3,80,12,4,2,8,4,No
42,Travel_Rarely,Research & Development,12 km,3,Medical,1,1768,2,Male,3,1,Laboratory Technician,2,Divorced,2766,8,1/25/2013,Y,No,22,4,2,80,7,6,2,3,0,No
60,Travel_Rarely,Research & Development,1 km,4,Medical,1,1697,3,Male,1,3,Healthcare Representative,4,Divorced,10883,3,06/08/2017,Y,No,20,4,3,80,19,2,4,0,0,No
53,Travel_Rarely,Research & Development,2 km,5,Technical Degree,1,1572,3,Female,2,3,Manufacturing Director,4,Married,10169,0,01/10/1985,Y,No,16,3,2,80,34,4,3,7,1,Yes
39,Travel_Rarely,Research & Development,9 km,2,Medical,1,1936,1,Male,3,2,Manufacturing Director,1,Married,5151,1,8/13/2008,Y,No,25,4,4,80,10,3,3,0,7,No
48,Travel_Rarely,Research & Development,10 km,3,Life Sciences,1,1867,4,Male,2,5,Research Director,2,Married,19665,4,7/23/1996,Y,No,12,3,4,80,29,3,3,10,12,No
37,Travel_Rarely,Sales,6 km,4,Medical,1,378,3,Male,3,2,Sales Executive,4,Married,6502,4,07/12/2013,Y,No,14,3,2,80,7,5,4,4,0,No
41,Travel_Frequently,Research & Development,22 km,3,Life Sciences,1,1392,4,Female,3,2,Research Scientist,4,Divorced,5467,3,12/16/2012,Y,Yes,14,3,1,80,12,4,2,2,3,No
21,Non-Travel,Sales,9 km,2,Medical,1,484,1,Male,3,1,Sales Representative,4,Single,2610,1,12/10/2015,Y,No,24,4,3,80,3,3,2,2,2,No
32,Travel_Rarely,Sales,13 km,4,Life Sciences,1,859,2,Male,3,2,Sales Executive,4,Divorced,4403,2,11/13/2013,Y,No,11,3,3,80,8,3,2,2,0,No
37,Travel_Rarely,Research & Development,2 km,2,Other,1,4,4,Male,2,1,Laboratory Technician,3,Single,2090,6,2/18/2018,Y,Yes,15,3,2,80,7,3,3,0,0,Yes
45,Travel_Frequently,Research & Development,7 km,3,Life Sciences,1,425,1,Male,3,3,Laboratory Technician,1,Divorced,5210,1,7/30/1994,Y,No,18,3,1,80,24,2,3,9,9,No
41,Travel_Rarely,Sales,6 km,3,Life Sciences,1,298,4,Female,3,3,Manager,4,Single,13591,3,9/21/2017,Y,Yes,18,3,3,80,16,3,3,0,0,No
42,Travel_Rarely,Research & Development,7 km,4,Medical,1,1292,2,Female,4,2,Research Scientist,2,Married,2372,6,1/17/2017,Y,Yes,16,3,4,80,18,2,3,0,0,No
42,Travel_Rarely,Sales,8 km,4,Marketing,1,35,3,Male,3,2,Sales Executive,2,Married,6825,0,7/28/2009,Y,No,11,3,4,80,10,2,3,7,4,No
24,Non-Travel,Sales,13 km,2,Life Sciences,1,1495,4,Female,3,1,Sales Representative,2,Married,2033,1,06/09/2017,Y,No,13,3,3,80,1,2,3,0,0,No
33,Travel_Rarely,Sales,9 km,4,Marketing,1,1157,1,Female,3,2,Sales Executive,1,Single,8224,0,07/12/2013,Y,Yes,17,3,1,80,6,3,3,2,0,Yes
43,Travel_Frequently,Research & Development,1 km,3,Life Sciences,1,902,4,Female,3,2,Healthcare Representative,4,Married,5562,4,5/19/2013,Y,No,13,3,2,80,12,2,2,2,2,No
38,Travel_Frequently,Research & Development,10 km,1,Medical,1,1006,3,Male,3,1,Research Scientist,3,Married,2684,0,10/22/2016,Y,No,17,3,2,80,3,0,2,1,0,No
33,Travel_Rarely,Research & Development,8 km,5,Life Sciences,1,1515,4,Male,3,2,Healthcare Representative,3,Single,6388,2,12/16/2018,Y,Yes,17,3,1,80,14,6,3,0,0,No
53,Travel_Rarely,Sales,7 km,2,Marketing,1,862,1,Female,2,3,Sales Executive,4,Married,10934,7,11/24/2013,Y,Yes,18,3,4,80,35,3,3,2,0,No
43,Travel_Frequently,Research & Development,27 km,3,Life Sciences,1,1126,3,Female,3,3,Manufacturing Director,1,Married,10820,8,02/10/2010,Y,No,11,3,3,80,18,1,3,7,0,No
42,Travel_Rarely,Research & Development,2 km,3,Medical,1,351,4,Female,2,1,Laboratory Technician,1,Divorced,2593,0,6/20/2009,Y,Yes,11,3,3,80,10,4,3,6,7,No
29,Travel_Rarely,Research & Development,8 km,4,Other,1,454,2,Male,1,1,Laboratory Technician,1,Married,2119,1,08/09/2011,Y,Yes,11,3,4,80,7,4,2,7,0,Yes
29,Travel_Rarely,Research & Development,27 km,3,Medical,1,793,2,Female,3,2,Healthcare Representative,3,Married,4335,4,4/13/2010,Y,No,12,3,1,80,11,3,2,7,1,No
37,Travel_Rarely,Research & Development,19 km,2,Life Sciences,1,61,2,Male,3,1,Research Scientist,2,Married,3022,4,02/01/2017,Y,No,21,4,1,80,8,1,3,0,0,No
50,Travel_Frequently,Research & Development,1 km,3,Life Sciences,1,141,1,Female,3,5,Research Director,2,Married,18172,3,5/19/2010,Y,Yes,19,3,1,80,28,1,2,3,0,No
29,Non-Travel,Sales,2 km,3,Life Sciences,1,469,4,Male,3,2,Sales Executive,3,Married,4649,1,5/30/2014,Y,No,14,3,1,80,4,3,2,3,0,No
33,Travel_Frequently,Research & Development,1 km,2,Life Sciences,1,73,1,Female,3,3,Research Director,4,Single,13458,1,1/22/2003,Y,Yes,12,3,3,80,15,1,3,14,8,No
55,Non-Travel,Research & Development,2 km,1,Medical,1,1074,3,Male,2,4,Manager,1,Single,16756,7,1/26/2009,Y,No,15,3,2,80,31,3,4,7,6,No
51,Travel_Rarely,Research & Development,8 km,4,Life Sciences,1,296,2,Male,2,3,Research Director,2,Married,12490,5,05/07/2008,Y,No,16,3,4,80,16,5,1,9,4,No
30,Travel_Frequently,Research & Development,23 km,3,Life Sciences,1,159,1,Male,1,1,Research Scientist,3,Divorced,2613,1,1/25/2008,Y,No,25,4,3,80,10,2,2,7,0,No
49,Travel_Rarely,Research & Development,4 km,2,Medical,1,1256,1,Male,2,5,Manager,3,Married,18711,2,8/30/2017,Y,No,13,3,3,80,23,2,4,0,0,No
47,Travel_Frequently,Research & Development,16 km,4,Medical,1,987,3,Male,4,2,Manufacturing Director,3,Divorced,5067,1,06/11/1999,Y,Yes,19,3,3,80,20,3,4,10,2,No
31,Travel_Rarely,Research & Development,1 km,4,Medical,1,95,3,Male,3,1,Research Scientist,2,Single,2501,1,08/09/2017,Y,No,17,3,2,80,1,4,3,1,1,No
47,Travel_Rarely,Research & Development,9 km,4,Life Sciences,1,1856,2,Female,3,1,Laboratory Technician,3,Single,2105,4,4/22/2016,Y,No,12,3,3,80,7,2,3,2,2,No
58,Travel_Rarely,Research & Development,23 km,4,Life Sciences,1,1308,1,Male,3,1,Research Scientist,3,Divorced,2372,1,1/19/2016,Y,No,12,3,4,80,2,3,3,2,2,No
41,Travel_Rarely,Research & Development,12 km,3,Technical Degree,1,58,2,Female,3,5,Research Director,3,Married,19545,1,5/30/1996,Y,No,12,3,4,80,23,0,3,15,15,Yes
29,Travel_Rarely,Research & Development,28 km,4,Medical,1,2054,4,Female,2,1,Research Scientist,1,Single,3785,1,11/18/2013,Y,No,14,3,2,80,5,3,1,4,0,No
50,Travel_Rarely,Research & Development,28 km,1,Medical,1,716,4,Male,4,1,Laboratory Technician,3,Married,3221,1,11/29/1998,Y,Yes,11,3,3,80,20,3,3,8,3,No
32,Travel_Rarely,Research & Development,29 km,4,Life Sciences,1,2010,3,Female,2,1,Laboratory Technician,2,Single,2837,1,11/23/2012,Y,No,13,3,3,80,6,3,3,2,4,No
44,Travel_Rarely,Research & Development,7 km,3,Medical,1,1608,2,Female,3,5,Research Director,4,Divorced,19049,0,10/04/1996,Y,Yes,14,3,4,80,23,4,2,7,1,No
38,Travel_Rarely,Human Resources,1 km,3,Human Resources,1,1152,3,Male,4,1,Human Resources,3,Married,2844,1,07/07/2011,Y,No,13,3,4,80,7,2,4,6,5,No
45,Travel_Rarely,Research & Development,2 km,3,Life Sciences,1,834,2,Female,2,1,Research Scientist,3,Single,2274,1,3/25/2017,Y,No,14,3,4,80,1,3,3,0,0,No
46,Travel_Frequently,Research & Development,18 km,1,Medical,1,624,1,Female,3,3,Healthcare Representative,3,Married,10527,5,8/23/2016,Y,No,11,3,4,80,28,3,2,2,1,No
34,Travel_Rarely,Research & Development,2 km,4,Medical,1,1755,4,Male,4,1,Research Scientist,4,Married,2932,0,1/14/2013,Y,Yes,14,3,1,80,6,3,3,0,1,No
55,Travel_Frequently,Research & Development,18 km,4,Medical,1,1034,3,Male,3,2,Healthcare Representative,2,Married,6385,3,12/19/2010,Y,Yes,14,3,4,80,17,3,3,7,6,No
19,Travel_Rarely,Research & Development,25 km,3,Life Sciences,1,1269,2,Female,4,1,Research Scientist,4,Single,2994,1,05/01/2017,Y,Yes,12,3,4,80,1,2,3,0,0,No
32,Travel_Rarely,Research & Development,1 km,3,Medical,1,78,1,Male,3,2,Manufacturing Director,4,Married,6162,1,7/26/2009,Y,Yes,22,4,2,80,9,3,3,8,7,No
40,Non-Travel,Research & Development,9 km,4,Other,1,1449,3,Male,3,2,Laboratory Technician,3,Divorced,3975,3,3/14/2010,Y,No,11,3,3,80,11,2,4,7,0,No
30,Travel_Rarely,Sales,4 km,2,Medical,1,121,3,Female,2,2,Sales Executive,2,Divorced,5209,1,11/23/2007,Y,Yes,12,3,2,80,11,4,2,8,2,No
48,Travel_Rarely,Research & Development,20 km,4,Medical,1,945,4,Male,3,1,Research Scientist,3,Married,2259,4,05/10/2018,Y,No,17,3,1,80,13,2,2,0,0,No
45,Non-Travel,Research & Development,2 km,2,Medical,1,264,1,Male,2,4,Manager,4,Married,16792,9,10/16/1998,Y,No,23,4,4,80,22,1,3,8,11,No
29,Travel_Frequently,Research & Development,1 km,4,Life Sciences,1,710,2,Male,1,1,Research Scientist,4,Divorced,2720,1,12/13/2008,Y,No,18,3,4,80,10,5,3,7,2,No
46,Travel_Rarely,Research & Development,8 km,4,Life Sciences,1,1080,4,Female,2,2,Research Scientist,1,Divorced,4615,8,3/25/2002,Y,Yes,23,4,1,80,19,2,3,13,1,No
41,Travel_Rarely,Research & Development,7 km,2,Medical,1,1025,4,Female,3,2,Manufacturing Director,3,Single,5003,6,3/24/2016,Y,No,14,3,2,80,8,6,3,2,2,No
41,Travel_Rarely,Sales,20 km,2,Marketing,1,248,2,Female,3,1,Sales Representative,2,Single,3140,1,06/06/2014,Y,Yes,22,4,4,80,4,5,2,3,0,Yes
52,Travel_Frequently,Research & Development,28 km,2,Medical,1,1401,4,Female,4,4,Manufacturing Director,3,Married,13247,2,08/11/2013,Y,Yes,11,3,2,80,24,3,2,3,0,No
51,Travel_Frequently,Research & Development,1 km,4,Medical,1,145,1,Female,2,3,Healthcare Representative,1,Single,7484,3,04/01/2005,Y,No,20,4,3,80,23,1,2,12,12,No
36,Travel_Rarely,Sales,2 km,4,Life Sciences,1,1556,3,Male,3,1,Sales Representative,4,Single,2644,3,04/12/2015,Y,Yes,21,4,4,80,7,3,2,2,1,No
38,Travel_Rarely,Research & Development,29 km,1,Medical,1,282,2,Male,3,2,Healthcare Representative,1,Married,6673,7,5/21/2017,Y,Yes,19,3,2,80,17,2,3,0,0,Yes
31,Travel_Frequently,Sales,2 km,4,Other,1,1613,4,Male,3,2,Sales Executive,1,Single,5332,7,5/22/2013,Y,No,13,3,4,80,10,3,3,2,0,No
44,Travel_Rarely,Sales,1 km,5,Marketing,1,68,2,Female,3,2,Sales Executive,1,Divorced,5454,5,06/10/2014,Y,Yes,21,4,3,80,9,2,2,3,1,No
30,Travel_Rarely,Sales,27 km,5,Marketing,1,747,3,Male,3,2,Sales Executive,4,Divorced,5304,7,05/07/2010,Y,No,23,4,4,80,10,2,2,7,7,No
31,Travel_Frequently,Sales,1 km,3,Life Sciences,1,1331,4,Female,3,1,Sales Representative,2,Single,2302,1,5/26/2015,Y,Yes,11,3,1,80,3,2,4,2,2,Yes
27,Travel_Rarely,Research & Development,17 km,4,Life Sciences,1,1405,4,Female,3,1,Research Scientist,3,Single,2394,1,10/23/2010,Y,Yes,13,3,4,80,8,2,3,2,7,Yes
24,,Research & Development,17 km,1,Medical,1,1009,4,Female,2,2,Manufacturing Director,3,Divorced,4377,1,6/21/2014,Y,No,15,3,2,80,5,6,3,2,3,No
50,Travel_Rarely,Research & Development,1 km,3,Medical,1,249,3,Male,2,1,Laboratory Technician,3,Married,3690,2,7/16/2015,Y,No,15,3,4,80,5,2,2,2,0,No
39,Travel_Rarely,Sales,4 km,4,Life Sciences,1,182,4,Female,2,2,Sales Executive,3,Married,5902,4,09/10/2003,Y,No,14,3,3,80,17,1,4,11,5,No
30,Non-Travel,Research & Development,9 km,2,Medical,1,1298,3,Female,3,2,Manufacturing Director,3,Single,4695,7,11/04/2010,Y,Yes,18,3,3,80,10,3,3,4,1,No
30,Travel_Rarely,Research & Development,1 km,1,Life Sciences,1,104,4,Male,2,2,Laboratory Technician,4,Married,5126,1,07/03/2008,Y,Yes,12,3,3,80,10,1,2,8,3,No
59,Non-Travel,Human Resources,2 km,4,Human Resources,1,140,3,Female,2,5,Manager,4,Married,18844,9,03/03/2015,Y,No,21,4,4,80,30,3,3,2,2,No
36,Non-Travel,Research & Development,8 km,3,Life Sciences,1,742,1,Female,4,3,Research Director,1,Married,11713,9,04/04/2010,Y,No,14,3,1,80,10,2,3,7,0,No
29,Travel_Rarely,Research & Development,10 km,3,Life Sciences,1,994,4,Female,2,1,Research Scientist,1,Single,2404,6,04/03/2018,Y,Yes,20,4,3,80,3,5,3,0,0,Yes
30,Travel_Frequently,Sales,12 km,4,Life Sciences,1,648,2,Male,2,1,Sales Representative,1,Married,2033,1,9/18/2017,Y,No,18,3,3,80,1,2,4,0,0,Yes
50,Travel_Rarely,Research & Development,11 km,3,Life Sciences,1,226,3,Female,3,5,Manager,2,Single,19926,3,12/13/2013,Y,No,15,3,2,80,21,5,3,4,4,No
37,Travel_Rarely,Research & Development,1 km,2,Medical,1,340,3,Female,2,1,Research Scientist,1,Married,3920,2,02/10/2015,Y,No,14,3,1,80,17,2,2,1,0,No
38,Travel_Rarely,Research & Development,25 km,2,Life Sciences,1,421,1,Female,2,3,Research Director,2,Married,12061,3,8/23/2008,Y,No,17,3,3,80,19,2,3,8,0,No
41,Non-Travel,Sales,10 km,2,Life Sciences,1,599,4,Male,3,2,Sales Executive,4,Single,6230,7,7/18/2004,Y,No,14,3,4,80,16,3,3,3,1,No
29,Travel_Rarely,Research & Development,4 km,3,Technical Degree,1,1762,4,Female,2,1,Research Scientist,1,Divorced,2109,1,4/28/2017,Y,No,13,3,3,80,1,2,3,0,0,No
45,Travel_Rarely,Research & Development,8 km,4,Other,1,452,4,Male,3,2,Research Scientist,4,Married,3697,9,7/23/2008,Y,No,14,3,1,80,12,3,3,9,9,No
29,Travel_Rarely,Research & Development,1 km,3,Life Sciences,1,1954,1,Male,3,2,Healthcare Representative,1,Married,5373,0,04/03/2013,Y,No,12,3,1,80,6,5,2,3,0,No
42,Travel_Rarely,Research & Development,2 km,2,Medical,1,1109,4,Male,3,4,Manager,1,Married,17665,0,1/14/1996,Y,No,17,3,4,80,23,3,3,6,13,No
48,Travel_Rarely,Research & Development,1 km,3,Life Sciences,1,1263,4,Male,2,5,Research Director,4,Single,18265,6,1/25/2017,Y,No,12,3,3,80,25,3,4,0,0,No
20,Travel_Frequently,Research & Development,6 km,3,Life Sciences,1,137,4,Female,2,1,Laboratory Technician,4,Single,2926,1,10/09/2017,Y,Yes,18,3,2,80,1,5,3,0,1,Yes
31,Travel_Rarely,Research & Development,9 km,1,Life Sciences,1,581,3,Male,3,3,Manufacturing Director,2,Divorced,10648,1,6/13/2005,Y,No,25,4,4,80,13,6,4,8,0,No
41,Non-Travel,Human Resources,4 km,3,Human Resources,1,1722,3,Male,1,2,Human Resources,2,Married,6430,6,09/11/2015,Y,No,19,3,2,80,10,4,3,2,1,No
29,Travel_Rarely,Human Resources,13 km,3,Human Resources,1,1844,1,Male,2,1,Human Resources,1,Divorced,2335,4,11/26/2016,Y,Yes,15,3,4,80,4,3,3,2,2,Yes
42,Travel_Rarely,Sales,4 km,4,Marketing,1,1171,2,Male,3,2,Sales Executive,1,Single,5155,7,6/15/2012,Y,No,13,3,4,80,9,3,4,4,1,No
36,Travel_Rarely,Sales,11 km,4,Marketing,1,2045,2,Female,2,2,Sales Executive,4,Married,6652,4,2/30/2012,Y,No,13,3,1,80,8,2,2,3,0,No
32,Travel_Rarely,Sales,1 km,2,Life Sciences,1,1734,1,Male,1,2,Sales Executive,2,Single,6735,6,04/09/2018,Y,No,15,3,2,80,10,2,3,0,0,Yes
36,Travel_Rarely,Research & Development,26 km,4,Life Sciences,1,1682,1,Male,3,2,Healthcare Representative,3,Married,5347,6,7/19/2015,Y,No,14,3,2,80,10,2,2,2,0,No
42,Travel_Rarely,Research & Development,1 km,4,Life Sciences,1,517,2,Female,3,1,Laboratory Technician,1,Divorced,2576,3,03/10/2013,Y,No,16,3,2,80,8,5,3,2,1,No
43,Travel_Rarely,Sales,16 km,3,Marketing,1,327,4,Female,3,4,Manager,4,Married,16064,5,5/18/2001,Y,Yes,22,4,3,80,22,3,3,13,1,No
36,Travel_Rarely,Sales,2 km,4,Life Sciences,1,1710,3,Female,3,2,Sales Representative,4,Single,4502,3,01/04/2005,Y,No,15,3,3,80,17,2,2,7,6,No
36,Non-Travel,Research & Development,24 km,4,Life Sciences,1,419,2,Female,3,2,Laboratory Technician,2,Married,5674,7,7/14/2009,Y,No,15,3,3,80,11,3,3,8,0,No
36,Travel_Frequently,Sales,11 km,2,Technical Degree,1,154,2,Female,3,3,Sales Executive,4,Married,9738,0,05/05/2009,Y,No,14,3,3,80,10,6,3,7,2,No
38,Travel_Frequently,Research & Development,1 km,3,Life Sciences,1,1668,4,Male,3,2,Research Scientist,4,Married,4735,7,08/08/2005,Y,No,15,3,4,80,19,4,4,11,2,No
33,Travel_Rarely,Research & Development,1 km,4,Other,1,939,3,Male,2,1,Research Scientist,1,Single,2799,3,6/14/2015,Y,Yes,11,3,2,80,6,1,3,2,0,No
45,Travel_Frequently,Research & Development,7 km,4,Life Sciences,1,341,1,Male,4,2,Manufacturing Director,3,Married,6434,4,02/08/2015,Y,No,17,3,4,80,9,1,3,2,0,No
27,Travel_Rarely,Sales,2 km,2,Medical,1,1898,1,Female,4,2,Sales Executive,3,Single,6500,0,3/23/2010,Y,No,14,3,2,80,9,5,2,7,0,No
34,Travel_Rarely,Sales,24 km,4,Medical,1,1489,1,Female,2,2,Sales Executive,2,Single,4599,0,08/11/2003,Y,Yes,23,4,3,80,16,2,4,9,10,Yes
29,Travel_Rarely,Research & Development,2 km,3,Life Sciences,1,94,3,Male,3,1,Research Scientist,2,Married,2703,0,7/29/2013,Y,No,23,4,4,80,6,3,3,4,0,No
32,Travel_Rarely,Sales,6 km,4,Medical,1,125,2,Male,3,2,Sales Executive,3,Single,5010,1,9/16/2007,Y,No,16,3,1,80,12,0,3,8,5,No
44,Travel_Rarely,Research & Development,28 km,3,Life Sciences,1,1523,4,Male,3,4,Research Director,1,Married,16328,3,03/09/1998,Y,No,13,3,3,80,24,1,4,6,14,No
40,Travel_Rarely,Research & Development,6 km,3,Life Sciences,1,601,2,Female,3,4,Manufacturing Director,3,Single,13237,7,7/21/1998,Y,No,15,3,3,80,22,3,3,6,5,No
55,Travel_Rarely,Sales,18 km,5,Life Sciences,1,597,1,Female,3,4,Manager,2,Single,16835,3,03/06/2008,Y,No,23,4,4,80,37,2,3,9,7,No
41,Travel_Frequently,Research & Development,9 km,3,Medical,1,999,1,Male,3,5,Research Director,3,Divorced,19419,2,6/14/2000,Y,No,17,3,2,80,21,2,4,16,0,No
43,Travel_Rarely,Sales,9 km,3,Marketing,1,1188,1,Female,1,2,Sales Executive,3,Single,5346,8,12/02/2014,Y,No,13,3,2,80,7,2,2,3,1,Yes
38,Travel_Rarely,Sales,16 km,3,Life Sciences,1,1583,2,Female,3,2,Sales Executive,2,Single,4198,2,1/15/2015,Y,No,12,3,2,80,8,5,4,2,1,No
29,Travel_Rarely,Sales,9 km,3,Marketing,1,1752,2,Female,1,1,Sales Representative,2,Single,2760,1,8/30/2016,Y,No,13,3,3,80,2,3,3,2,2,Yes
45,Travel_Rarely,Research & Development,6 km,4,Other,1,101,4,Male,3,3,Research Director,1,Married,13245,4,06/10/2018,Y,Yes,14,3,2,80,17,3,4,0,0,No
34,Travel_Rarely,Research & Development,1 km,2,Medical,1,110,1,Male,3,2,Manufacturing Director,2,Married,4325,1,5/14/2013,Y,No,15,3,3,80,5,2,3,2,1,No
38,Travel_Frequently,Research & Development,7 km,3,Life Sciences,1,1382,4,Male,4,1,Research Scientist,3,Divorced,2610,1,09/10/2014,Y,No,11,3,4,80,4,2,3,2,0,No
55,Travel_Rarely,Sales,1 km,2,Life Sciences,1,106,1,Male,3,3,Sales Executive,4,Married,10239,3,8/21/2017,Y,No,14,3,4,80,24,4,3,0,1,No
40,Travel_Rarely,Research & Development,15 km,3,Life Sciences,1,1628,1,Female,2,3,Manufacturing Director,3,Married,10435,1,11/18/2000,Y,No,13,3,4,80,18,2,3,15,14,No
20,Travel_Rarely,Sales,9 km,1,Life Sciences,1,1680,4,Male,3,1,Sales Representative,1,Single,2728,1,1/23/2016,Y,No,11,3,1,80,2,3,3,2,0,No
33,Travel_Rarely,Research & Development,10 km,1,Medical,1,584,1,Male,1,1,Laboratory Technician,4,Divorced,3408,7,8/17/2014,Y,No,13,3,1,80,8,2,3,3,1,Yes
31,Travel_Rarely,Research & Development,11 km,4,Life Sciences,1,895,4,Male,3,1,Research Scientist,4,Married,2356,3,1/28/2012,Y,Yes,19,3,2,80,8,2,3,4,0,No
40,Travel_Rarely,Research & Development,20 km,4,Technical Degree,1,1092,1,Male,3,3,Healthcare Representative,4,Married,10322,4,10/11/2007,Y,No,20,4,4,80,14,6,3,10,11,No
50,Travel_Frequently,Research & Development,2 km,3,Medical,1,1215,4,Female,3,4,Manager,1,Married,17856,2,11/05/2016,Y,No,22,4,3,80,32,3,3,2,2,No
27,Travel_Frequently,Research & Development,2 km,3,Medical,1,1648,4,Male,3,1,Research Scientist,4,Single,2580,2,7/26/2014,Y,No,13,3,3,80,6,0,2,2,1,No
36,Travel_Rarely,Research & Development,10 km,3,Life Sciences,1,1790,4,Male,3,3,Healthcare Representative,1,Married,8321,7,07/05/2006,Y,Yes,13,3,4,80,15,1,3,8,5,No
53,Travel_Rarely,Research & Development,2 km,3,Medical,1,1472,4,Male,4,4,Research Director,2,Single,16598,4,06/09/2009,Y,No,12,3,2,80,35,2,2,8,8,No
42,Travel_Rarely,Research & Development,13 km,3,Medical,1,1803,2,Male,4,2,Healthcare Representative,1,Married,5538,5,02/08/2018,Y,No,18,3,3,80,10,2,2,0,0,No
37,Non-Travel,Research & Development,2 km,2,Life Sciences,1,139,3,Male,2,2,Healthcare Representative,4,Divorced,5163,5,4/17/2017,Y,No,14,3,4,80,17,2,4,0,0,No
43,Travel_Rarely,Research & Development,14 km,2,Life Sciences,1,843,2,Male,3,4,Research Director,1,Married,17159,6,1/30/2014,Y,No,24,4,3,80,22,3,3,1,1,No
23,Travel_Rarely,Research & Development,1 km,2,Life Sciences,1,1270,4,Male,3,1,Research Scientist,3,Married,1223,1,11/02/2017,Y,No,22,4,4,80,1,2,3,0,0,No
52,Travel_Rarely,Research & Development,8 km,4,Other,1,1409,3,Female,3,1,Laboratory Technician,1,Married,2950,9,05/05/2013,Y,No,13,3,3,80,12,2,1,4,0,No
29,Travel_Rarely,Research & Development,1 km,3,Life Sciences,1,1249,1,Female,3,1,Research Scientist,4,Divorced,3760,1,2/20/2015,Y,No,15,3,1,80,3,5,3,2,1,No
50,Travel_Rarely,Research & Development,7 km,2,Medical,1,80,2,Female,2,5,Research Director,3,Divorced,18740,5,3/25/1991,Y,Yes,12,3,4,80,29,2,2,3,13,No
42,Travel_Rarely,Sales,1 km,1,Life Sciences,1,387,2,Male,3,2,Sales Executive,3,Married,4907,1,03/01/1998,Y,No,25,4,3,80,20,3,3,16,11,No
34,Travel_Rarely,Research & Development,8 km,3,Medical,1,2068,2,Male,4,2,Laboratory Technician,3,Married,4404,2,03/10/2014,Y,No,12,3,1,80,6,3,4,3,1,No
32,,Sales,4 km,2,Life Sciences,1,330,3,Female,3,1,Sales Representative,2,Married,3931,2,5/24/2014,Y,No,11,3,1,80,6,5,3,3,1,No
56,Travel_Rarely,Sales,11 km,5,Marketing,1,1935,4,Female,2,2,Sales Executive,1,Married,5380,4,05/11/2018,Y,No,16,3,3,80,6,3,3,0,0,No
27,Travel_Rarely,Research & Development,1 km,2,Medical,1,497,4,Male,3,1,Laboratory Technician,2,Divorced,3816,1,1/30/2013,Y,No,11,3,2,80,5,2,3,2,0,No
40,,Research & Development,2 km,2,Life Sciences,1,1802,3,Female,3,1,Laboratory Technician,1,Married,3377,4,9/20/2014,Y,No,17,3,4,80,7,5,2,3,0,No
37,Travel_Frequently,Research & Development,10 km,3,Medical,1,342,1,Male,3,3,Manufacturing Director,3,Divorced,10048,6,5/17/2017,Y,No,11,3,2,80,17,5,3,0,0,Yes
33,Non-Travel,Research & Development,1 km,2,Medical,1,1994,2,Male,2,1,Laboratory Technician,3,Divorced,2008,1,05/11/2017,Y,No,12,3,3,80,1,2,2,1,0,No
36,Travel_Rarely,Research & Development,27 km,3,Medical,1,13,3,Male,3,2,Healthcare Representative,3,Married,5237,6,12/20/2011,Y,No,13,3,2,80,17,3,2,7,7,No
39,Travel_Frequently,Research & Development,8 km,1,Life Sciences,1,602,3,Female,3,1,Laboratory Technician,3,Married,3755,1,12/25/2010,Y,No,11,3,1,80,8,3,3,3,0,No
36,Non-Travel,Sales,8 km,4,Technical Degree,1,990,1,Male,3,2,Sales Executive,4,Divorced,5079,4,7/18/2011,Y,No,13,3,4,80,12,3,3,7,0,No
36,Travel_Rarely,Research & Development,1 km,3,Other,1,823,3,Female,3,2,Manufacturing Director,2,Married,5228,0,07/04/2009,Y,No,15,3,1,80,10,2,3,7,0,No
37,Travel_Rarely,Research & Development,10 km,4,Life Sciences,1,518,3,Male,3,2,Manufacturing Director,2,Single,4197,2,07/02/2017,Y,Yes,12,3,4,80,18,2,2,0,0,No
51,Travel_Frequently,Sales,9 km,3,Life Sciences,1,1282,4,Male,3,5,Manager,2,Divorced,19847,4,07/04/1989,Y,Yes,24,4,1,80,31,5,2,10,11,No
49,Travel_Rarely,Research & Development,22 km,4,Other,1,1655,1,Female,3,4,Research Director,2,Married,16413,3,11/21/2014,Y,No,16,3,2,80,27,2,3,2,1,No
43,Travel_Frequently,Research & Development,17 km,3,Technical Degree,1,1767,3,Male,2,1,Research Scientist,3,Married,2437,9,1/21/2017,Y,Yes,16,3,4,80,6,4,3,0,0,Yes
33,Travel_Frequently,Sales,7 km,3,Life Sciences,1,1114,4,Female,3,2,Sales Executive,2,Married,4302,0,10/01/2015,Y,No,17,3,3,80,4,3,3,2,0,No
46,Travel_Rarely,Research & Development,7 km,2,Medical,1,1007,4,Male,3,3,Manufacturing Director,3,Divorced,10845,6,11/13/2010,Y,No,13,3,2,80,13,3,3,7,0,No
56,Travel_Rarely,Research & Development,24 km,2,Life Sciences,1,1907,1,Male,3,1,Laboratory Technician,4,Single,2587,1,11/07/2014,Y,No,16,3,4,80,5,3,3,2,1,Yes
32,Travel_Frequently,Sales,9 km,2,Medical,1,195,4,Male,1,2,Sales Executive,4,Divorced,4668,0,10/25/2010,Y,No,17,3,4,80,9,2,4,7,0,No
30,Travel_Rarely,Sales,1 km,3,Life Sciences,1,1562,2,Male,2,2,Sales Executive,1,Married,9714,1,7/15/2008,Y,No,11,3,4,80,10,4,3,8,6,Yes
27,Travel_Rarely,Research & Development,2 km,4,Life Sciences,1,1027,1,Female,3,2,Manufacturing Director,4,Married,4227,0,1/22/2015,Y,No,18,3,2,80,4,2,3,2,2,No
42,Travel_Rarely,Research & Development,6 km,3,Medical,1,1911,3,Male,3,3,Research Director,1,Married,13348,9,3/26/2005,Y,No,13,3,2,80,18,3,4,7,5,No
20,Travel_Rarely,Research & Development,11 km,3,Medical,1,1016,4,Female,2,1,Research Scientist,1,Single,2600,1,12/01/2017,Y,Yes,15,3,1,80,1,2,3,0,0,Yes
50,Travel_Rarely,Sales,8 km,4,Marketing,1,738,4,Male,3,1,Sales Representative,2,Married,3875,7,5/26/2016,Y,No,15,3,4,80,4,2,3,2,2,No
19,Travel_Rarely,Research & Development,2 km,3,Life Sciences,1,243,2,Male,2,1,Laboratory Technician,4,Single,1102,1,12/10/2017,Y,No,22,4,3,80,1,3,2,0,1,Yes
31,Travel_Rarely,Sales,2 km,2,Life Sciences,1,1996,1,Male,3,1,Sales Representative,3,Married,3067,0,10/12/2016,Y,No,19,3,3,80,3,1,3,2,1,No
29,Travel_Frequently,Sales,20 km,3,Technical Degree,1,974,3,Female,3,1,Sales Representative,4,Married,2157,1,01/02/2015,Y,No,15,3,2,80,3,5,3,1,0,No
42,Travel_Rarely,Research & Development,8 km,3,Life Sciences,1,1860,4,Male,3,1,Laboratory Technician,3,Single,3968,4,6/13/2018,Y,No,13,3,4,80,8,3,3,0,0,No
36,Travel_Rarely,Sales,10 km,4,Technical Degree,1,1880,2,Female,2,2,Sales Executive,3,Married,5673,1,5/27/2008,Y,Yes,13,3,1,80,10,4,3,9,1,No
42,Travel_Frequently,Sales,12 km,3,Life Sciences,1,1167,3,Male,3,4,Sales Executive,1,Single,13758,0,12/02/1997,Y,Yes,12,3,2,80,22,2,2,9,13,Yes
46,Travel_Rarely,Sales,2 km,3,Marketing,1,1204,3,Female,3,4,Manager,1,Married,17048,8,12/01/1992,Y,No,23,4,1,80,28,2,3,15,15,No
39,Travel_Rarely,Sales,24 km,1,Marketing,1,2056,2,Female,2,4,Sales Executive,4,Married,12031,0,11/16/1998,Y,No,11,3,1,80,21,2,2,9,9,No
30,Travel_Rarely,Research & Development,24 km,1,Life Sciences,1,11,4,Male,3,1,Laboratory Technician,3,Divorced,2693,1,6/27/2017,Y,No,22,4,2,80,1,2,3,0,0,No
36,Travel_Rarely,Research & Development,4 km,4,Life Sciences,1,1435,1,Male,2,2,Laboratory Technician,4,Single,5810,1,02/03/2008,Y,No,16,3,3,80,10,2,2,4,1,No
41,Travel_Rarely,Research & Development,2 km,4,Life Sciences,1,927,2,Female,1,1,Laboratory Technician,4,Divorced,2778,4,3/14/2011,Y,Yes,13,3,3,80,10,1,2,7,1,Yes
22,Non-Travel,Research & Development,26 km,2,Other,1,1605,2,Female,2,1,Research Scientist,3,Married,2814,1,01/06/2014,Y,Yes,14,3,2,80,4,2,2,2,1,No
21,Travel_Frequently,Sales,1 km,1,Technical Degree,1,478,1,Female,2,1,Sales Representative,2,Single,2174,1,04/01/2015,Y,Yes,11,3,3,80,3,3,3,2,1,Yes
41,Travel_Rarely,Research & Development,7 km,2,Technical Degree,1,1085,2,Female,4,1,Research Scientist,3,Married,3376,1,7/22/2008,Y,No,13,3,3,80,10,3,3,6,0,No
45,Travel_Rarely,Research & Development,20 km,3,Medical,1,1460,2,Male,1,3,Healthcare Representative,1,Divorced,10851,2,3/13/2011,Y,Yes,18,3,2,80,24,2,3,7,0,No
29,Travel_Frequently,Research & Development,2 km,1,Life Sciences,1,1590,1,Male,3,2,Healthcare Representative,4,Divorced,8853,1,2/22/2012,Y,No,19,3,4,80,6,0,4,4,1,No
51,Travel_Rarely,Research & Development,1 km,3,Life Sciences,1,353,3,Male,3,1,Research Scientist,4,Married,2723,1,7/13/2017,Y,No,11,3,2,80,1,0,2,0,0,No
34,Travel_Frequently,Research & Development,22 km,4,Other,1,1932,3,Male,2,2,Research Scientist,4,Married,5747,1,10/30/2003,Y,Yes,15,3,2,80,16,3,3,10,6,No
40,Travel_Rarely,Research & Development,9 km,4,Life Sciences,1,1534,4,Male,3,1,Laboratory Technician,1,Single,2018,3,07/02/2013,Y,No,14,3,2,80,15,3,1,4,1,Yes
42,Travel_Frequently,Research & Development,26 km,5,Medical,1,1242,1,Female,3,3,Research Director,1,Married,13191,3,1/18/2017,Y,Yes,17,3,3,80,20,6,3,0,0,No
39,Travel_Rarely,Sales,6 km,3,Medical,1,1588,4,Male,4,3,Sales Executive,3,Married,8237,2,09/02/2011,Y,No,11,3,1,80,11,3,3,6,7,No
40,Travel_Rarely,Research & Development,1 km,4,Life Sciences,1,1361,2,Male,3,1,Laboratory Technician,2,Married,2387,3,06/04/2014,Y,No,22,4,3,80,7,3,3,2,0,No
45,Travel_Rarely,Research & Development,1 km,4,Technical Degree,1,1553,1,Male,3,3,Healthcare Representative,2,Divorced,7441,1,8/17/2008,Y,No,12,3,1,80,10,4,3,8,7,No
40,Travel_Rarely,Research & Development,2 km,4,Medical,1,2051,3,Female,3,1,Research Scientist,3,Married,2001,2,12/05/2013,Y,No,14,3,2,80,20,2,3,3,0,No
34,Travel_Frequently,Human Resources,23 km,3,Human Resources,1,590,2,Female,3,3,Human Resources,1,Divorced,9950,9,10/15/2015,Y,Yes,15,3,3,80,11,2,3,2,0,Yes
32,Travel_Rarely,Research & Development,8 km,2,Life Sciences,1,727,3,Female,3,3,Research Director,4,Single,11159,3,1/17/2011,Y,No,15,3,4,80,10,6,3,7,7,No
50,Travel_Rarely,Research & Development,17 km,5,Life Sciences,1,1656,4,Female,2,3,Research Director,1,Divorced,13269,5,5/14/2004,Y,No,15,3,3,80,19,3,3,11,1,No
37,Travel_Frequently,Sales,4 km,4,Marketing,1,311,1,Male,3,1,Sales Representative,4,Divorced,2793,4,10/28/2009,Y,No,17,3,3,80,13,2,3,8,5,No
29,Travel_Frequently,Research & Development,14 km,1,Other,1,1421,3,Female,3,3,Healthcare Representative,4,Single,7553,0,09/04/2010,Y,Yes,12,3,1,80,9,1,3,7,7,Yes
31,Travel_Frequently,Sales,7 km,4,Marketing,1,1833,1,Female,3,3,Sales Executive,1,Married,9637,2,07/11/2015,Y,No,14,3,4,80,9,3,3,2,2,No
38,Travel_Rarely,Research & Development,6 km,2,Other,1,1782,4,Female,2,1,Laboratory Technician,3,Married,3702,1,10/21/2013,Y,No,11,3,2,80,5,3,3,4,0,No
27,Travel_Frequently,Sales,20 km,3,Life Sciences,1,293,4,Female,3,2,Sales Executive,3,Single,9981,1,7/16/2011,Y,No,14,3,4,80,7,2,3,7,0,No
41,Travel_Rarely,Research & Development,9 km,4,Life Sciences,1,200,3,Male,3,1,Laboratory Technician,1,Married,2238,2,11/16/2013,Y,No,21,4,4,80,7,2,3,0,1,No
40,Travel_Rarely,Research & Development,14 km,3,Medical,1,1128,3,Male,2,5,Research Director,3,Single,19626,1,4/18/1998,Y,No,14,3,1,80,21,2,4,7,4,No
30,Travel_Rarely,Sales,29 km,4,Life Sciences,1,1211,3,Male,3,2,Sales Executive,1,Divorced,4115,8,07/03/2014,Y,No,19,3,3,80,8,3,3,3,0,No
30,Travel_Rarely,Research & Development,7 km,4,Life Sciences,1,1224,3,Male,3,2,Laboratory Technician,3,Divorced,3491,1,10/10/2008,Y,No,13,3,1,80,10,4,2,7,8,No
34,Travel_Rarely,Research & Development,10 km,3,Life Sciences,1,934,2,Male,3,1,Laboratory Technician,2,Divorced,2008,1,11/02/2017,Y,No,14,3,2,80,1,3,3,0,1,No
40,Travel_Rarely,Sales,14 km,2,Life Sciences,1,1598,4,Female,3,2,Sales Executive,1,Married,4639,1,7/27/2013,Y,No,15,3,3,80,5,2,3,4,1,No
29,Travel_Rarely,Sales,10 km,3,Marketing,1,766,4,Male,3,1,Sales Representative,2,Divorced,2297,1,05/11/2016,Y,No,14,3,4,80,2,2,3,2,2,No
46,Travel_Rarely,Research & Development,15 km,2,Life Sciences,1,1217,4,Male,3,5,Research Director,2,Married,19081,5,1/30/2014,Y,No,11,3,1,80,25,2,3,2,0,No
41,Travel_Rarely,Sales,9 km,1,Life Sciences,1,176,3,Male,3,3,Sales Executive,3,Divorced,8189,3,4/19/2009,Y,Yes,13,3,3,80,12,2,3,7,0,No
39,Non-Travel,Sales,21 km,4,Life Sciences,1,1929,1,Female,1,2,Sales Executive,3,Married,5736,6,10/06/2015,Y,No,19,3,3,80,10,1,3,2,1,No
29,Travel_Frequently,Research & Development,10 km,3,Life Sciences,1,1143,4,Female,3,1,Research Scientist,2,Divorced,3291,0,8/30/2011,Y,No,14,3,4,80,8,2,2,5,1,No
52,Travel_Rarely,Research & Development,4 km,2,Life Sciences,1,546,4,Female,3,4,Manager,4,Married,16555,2,9/17/2013,Y,No,13,3,4,80,31,2,1,2,1,No
37,Travel_Rarely,Research & Development,4 km,1,Life Sciences,1,1394,3,Male,3,1,Research Scientist,3,Married,2996,7,5/26/2012,Y,Yes,15,3,4,80,8,2,3,4,1,No
44,Travel_Rarely,Human Resources,1 km,3,Life Sciences,1,1683,3,Female,3,1,Human Resources,4,Divorced,3195,4,5/24/2016,Y,Yes,18,3,1,80,8,2,3,2,2,No
45,Travel_Frequently,Sales,26 km,4,Life Sciences,1,684,1,Female,3,2,Sales Executive,1,Married,4286,2,1/26/2017,Y,No,14,3,4,80,5,4,3,1,0,Yes
47,Travel_Frequently,Sales,4 km,1,Medical,1,467,2,Male,3,2,Sales Representative,3,Single,2976,3,6/27/2018,Y,No,19,3,1,80,5,3,3,0,0,No
37,Travel_Rarely,Research & Development,14 km,3,Life Sciences,1,515,4,Female,3,1,Laboratory Technician,1,Divorced,3034,1,06/11/2000,Y,No,12,3,3,80,18,2,2,7,12,No
41,Travel_Rarely,Sales,1 km,2,Life Sciences,1,1,2,Female,3,2,Sales Executive,4,Single,5993,8,08/08/2012,Y,Yes,11,3,1,80,8,0,1,4,0,Yes
57,Travel_Rarely,Research & Development,1 km,4,Medical,1,482,4,Male,3,2,Healthcare Representative,3,Married,6755,2,5/27/2015,Y,No,11,3,3,80,15,2,3,2,1,No
18,Non-Travel,Research & Development,8 km,1,Medical,1,1156,3,Male,3,1,Laboratory Technician,3,Single,1904,1,1/28/2018,Y,No,12,3,4,80,0,0,3,0,0,Yes
32,Non-Travel,Research & Development,15 km,4,Medical,1,1955,3,Female,3,2,Healthcare Representative,4,Divorced,6667,5,12/07/2013,Y,No,18,3,2,80,9,6,3,1,1,No
33,Travel_Rarely,Sales,16 km,3,Life Sciences,1,1758,1,Female,3,3,Sales Executive,1,Single,8564,2,02/07/2018,Y,Yes,20,4,3,80,11,2,2,0,0,Yes
32,Non-Travel,Research & Development,1 km,3,Life Sciences,1,882,4,Male,3,1,Laboratory Technician,4,Divorced,2314,0,3/28/2015,Y,No,12,3,2,80,4,2,3,0,0,No
39,Non-Travel,Research & Development,2 km,3,Life Sciences,1,1458,1,Female,2,1,Laboratory Technician,1,Single,3646,2,06/06/2017,Y,Yes,23,4,2,80,11,2,4,0,0,Yes
58,Travel_Rarely,Research & Development,7 km,4,Medical,1,1360,3,Female,2,3,Manufacturing Director,1,Married,10008,7,7/18/2008,Y,Yes,14,3,4,80,31,0,2,9,5,Yes
31,Travel_Rarely,Sales,2 km,1,Life Sciences,1,604,2,Male,3,2,Sales Executive,4,Single,6582,4,08/06/2012,Y,Yes,13,3,3,80,10,2,4,5,0,No
39,Travel_Rarely,Research & Development,23 km,3,Medical,1,1310,3,Male,3,1,Research Scientist,1,Single,3904,0,8/14/2013,Y,No,13,3,1,80,6,2,3,2,0,Yes
27,Travel_Rarely,Research & Development,1 km,2,Life Sciences,1,725,3,Female,3,3,Manufacturing Director,1,Married,7412,1,3/24/2009,Y,No,11,3,4,80,9,3,3,7,0,No
44,Travel_Rarely,Research & Development,10 km,4,Life Sciences,1,1200,3,Male,3,1,Research Scientist,3,Single,2936,1,11/13/2012,Y,Yes,11,3,3,80,6,4,3,4,0,Yes
45,Travel_Rarely,Research & Development,1 km,4,Medical,1,996,4,Female,3,1,Laboratory Technician,4,Divorced,2270,3,8/28/2013,Y,No,14,3,4,80,8,2,3,3,0,No
40,Travel_Frequently,Research & Development,1 km,4,Life Sciences,1,119,3,Male,2,4,Healthcare Representative,2,Married,13503,1,3/16/1996,Y,No,22,4,4,80,22,3,2,3,11,No
47,Non-Travel,Research & Development,1 km,1,Medical,1,2000,3,Female,3,3,Research Director,2,Married,11957,0,01/09/2005,Y,No,18,3,1,80,14,3,1,8,5,No
34,Travel_Rarely,Research & Development,27 km,2,Medical,1,247,4,Female,3,1,Research Scientist,2,Single,2311,2,05/03/2015,Y,No,15,3,4,80,9,3,3,2,1,No
44,Travel_Rarely,Research & Development,29 km,4,Other,1,1225,4,Male,3,2,Research Scientist,4,Single,4541,1,6/23/1998,Y,No,25,4,2,80,20,3,3,11,13,No
36,Travel_Frequently,Sales,7 km,3,Marketing,1,1362,1,Female,4,2,Sales Executive,1,Married,4639,2,12/11/2003,Y,No,16,3,4,80,17,2,2,7,6,No
27,Non-Travel,Research & Development,8 km,5,Life Sciences,1,1094,1,Male,1,1,Laboratory Technician,3,Married,4621,1,8/29/2015,Y,No,19,3,4,80,3,4,3,2,1,No
24,Travel_Rarely,Sales,1 km,1,Technical Degree,1,554,1,Female,3,1,Sales Representative,2,Single,3202,1,5/24/2013,Y,Yes,16,3,2,80,6,4,3,3,1,Yes
39,Travel_Frequently,Research & Development,2 km,4,Technical Degree,1,343,3,Female,3,3,Healthcare Representative,3,Single,10938,0,07/01/1999,Y,No,25,4,4,80,20,1,3,6,11,No
36,Travel_Rarely,Research & Development,9 km,3,Medical,1,90,4,Male,2,1,Research Scientist,3,Married,3388,0,04/07/2017,Y,Yes,17,3,1,80,2,0,2,0,0,Yes
50,Travel_Frequently,Sales,12 km,3,Marketing,1,174,3,Female,3,3,Sales Executive,4,Single,9208,4,6/20/2016,Y,No,11,3,4,80,16,3,3,2,2,No
41,Travel_Rarely,Sales,2 km,4,Life Sciences,1,410,4,Male,3,4,Manager,2,Single,16015,1,2/16/1996,Y,No,19,3,2,80,22,2,3,10,0,No
31,Travel_Rarely,Research & Development,22 km,4,Medical,1,1389,4,Male,3,2,Manufacturing Director,3,Married,6179,1,9/16/2008,Y,Yes,15,3,4,80,10,3,2,2,6,Yes
39,Travel_Frequently,Research & Development,7 km,2,Medical,1,444,3,Male,2,5,Manager,4,Married,19272,1,06/08/1997,Y,No,15,3,1,80,21,2,3,9,13,No
44,Travel_Rarely,Research & Development,1 km,3,Medical,1,2020,2,Male,3,1,Research Scientist,4,Single,2436,6,5/25/2014,Y,Yes,12,3,3,80,6,2,3,3,1,No
33,Travel_Rarely,Research & Development,25 km,3,Life Sciences,1,1545,4,Male,2,2,Manufacturing Director,2,Single,4320,1,3/23/2013,Y,No,13,3,4,80,5,2,3,3,0,No
33,Travel_Rarely,Sales,8 km,4,Marketing,1,677,3,Male,3,2,Sales Executive,3,Divorced,7104,0,10/11/2013,Y,No,12,3,4,80,6,3,3,0,1,No
37,Travel_Rarely,Research & Development,25 km,2,Medical,1,1161,3,Female,2,2,Healthcare Representative,4,Divorced,5731,7,3/19/2012,Y,No,13,3,3,80,9,2,3,2,1,No
37,Travel_Rarely,Research & Development,10 km,3,Medical,1,486,3,Female,3,1,Laboratory Technician,1,Married,3452,6,05/12/2013,Y,No,20,4,2,80,17,3,3,4,0,No
27,Travel_Rarely,Sales,2 km,1,Marketing,1,667,3,Male,3,1,Sales Representative,1,Divorced,3041,0,11/12/2014,Y,No,11,3,2,80,5,3,3,3,0,Yes
29,Travel_Rarely,Research & Development,25 km,5,Technical Degree,1,565,3,Female,2,1,Research Scientist,2,Married,2546,5,1/30/2016,Y,No,16,3,2,80,6,2,4,2,1,Yes
44,Travel_Rarely,Research & Development,7 km,4,Medical,1,36,1,Female,2,3,Healthcare Representative,4,Married,10248,3,11/20/1996,Y,No,14,3,4,80,24,4,3,6,5,No
23,Travel_Rarely,Research & Development,4 km,3,Medical,1,705,1,Male,4,1,Research Scientist,1,Married,2819,2,09/08/2015,Y,No,16,3,1,80,5,3,4,2,0,No
43,Non-Travel,Research & Development,7 km,3,Medical,1,262,4,Male,4,1,Research Scientist,4,Divorced,2089,4,6/28/2013,Y,No,14,3,4,80,7,3,4,4,2,No
29,Travel_Rarely,Research & Development,7 km,3,Technical Degree,1,1299,2,Female,3,1,Laboratory Technician,3,Divorced,3339,3,12/27/2011,Y,Yes,13,3,1,80,10,2,3,7,7,Yes
27,Travel_Frequently,Research & Development,15 km,3,Life Sciences,1,1870,4,Female,2,1,Research Scientist,1,Married,4774,0,02/08/2011,Y,No,19,3,4,80,8,2,2,6,7,No
46,Travel_Rarely,Sales,10 km,3,Life Sciences,1,1869,3,Female,3,3,Sales Executive,2,Married,7314,5,7/28/2010,Y,No,21,4,3,80,14,2,3,7,0,Yes
32,Travel_Rarely,Research & Development,6 km,5,Life Sciences,1,231,3,Male,3,1,Research Scientist,3,Single,3038,3,5/17/2013,Y,No,20,4,1,80,8,2,3,4,1,No
37,Non-Travel,Sales,19 km,2,Medical,1,904,1,Male,3,3,Sales Executive,2,Single,7642,1,08/09/2008,Y,Yes,13,3,4,80,10,2,3,0,0,No
30,Non-Travel,Research & Development,9 km,3,Medical,1,239,3,Male,3,2,Laboratory Technician,1,Divorced,3072,1,9/18/2006,Y,No,11,3,3,80,12,4,3,9,6,No
38,Travel_Rarely,Sales,7 km,4,Marketing,1,709,4,Female,2,2,Sales Executive,4,Single,4028,0,2/27/2011,Y,No,20,4,1,80,8,2,3,7,0,No
33,Travel_Rarely,Sales,2 km,4,Medical,1,1670,4,Male,3,2,Sales Executive,4,Divorced,5505,1,9/22/2012,Y,No,14,3,3,80,6,5,3,2,0,No
43,Travel_Frequently,Research & Development,9 km,5,Medical,1,663,4,Male,3,2,Laboratory Technician,3,Divorced,5679,3,7/15/2010,Y,Yes,13,3,2,80,10,3,3,7,4,No
32,Travel_Rarely,Research & Development,1 km,3,Life Sciences,1,96,2,Male,3,2,Research Scientist,2,Married,6220,1,8/30/2008,Y,No,17,3,2,80,10,3,3,4,0,No
31,Travel_Rarely,Research & Development,2 km,4,Life Sciences,1,1721,2,Male,3,1,Laboratory Technician,3,Married,3477,1,7/15/2013,Y,No,14,3,4,80,6,2,4,2,0,No
52,Travel_Rarely,Research & Development,11 km,4,Life Sciences,1,813,4,Female,3,2,Laboratory Technician,3,Married,3149,8,11/01/2013,Y,No,20,4,2,80,9,3,3,2,1,No
44,Travel_Rarely,Sales,28 km,3,Medical,1,1039,4,Female,4,4,Sales Executive,4,Married,13320,3,01/07/2006,Y,Yes,18,3,3,80,23,2,3,11,11,No
29,Travel_Rarely,Research & Development,7 km,1,Medical,1,912,1,Female,2,1,Laboratory Technician,4,Divorced,2532,6,12/12/2014,Y,No,14,3,3,80,8,5,3,3,0,No
33,Travel_Rarely,Research & Development,14 km,3,Medical,1,325,3,Male,3,1,Laboratory Technician,4,Married,2436,5,05/09/2013,Y,Yes,13,3,3,80,8,2,1,4,0,Yes
31,Travel_Rarely,Sales,20 km,3,Life Sciences,1,175,2,Female,1,2,Sales Executive,3,Married,4559,3,04/02/2016,Y,Yes,11,3,3,80,4,2,3,2,2,Yes
37,Travel_Frequently,Research & Development,11 km,3,Other,1,306,2,Male,3,3,Research Director,4,Divorced,12185,1,1/21/2008,Y,Yes,14,3,3,80,10,1,3,8,0,No
38,Travel_Rarely,Research & Development,4 km,2,Medical,1,1687,4,Female,3,1,Laboratory Technician,3,Married,3306,7,8/27/2018,Y,No,19,3,4,80,7,5,2,0,0,No
33,Travel_Rarely,Research & Development,14 km,3,Medical,1,252,4,Female,3,1,Research Scientist,2,Married,2756,1,02/08/2010,Y,No,13,3,4,80,8,5,3,7,1,No
